ref_id_side,route,count
1004929728R,4202,1
1004929729L,4202,2
1004929730L,4202,3
1004929731L,4202,4
1004929731R,4202,5
1004929732L,4202,3
1016208671R,1201,5
1016257355L,5201,3
1016257355R,5201,2
1049844567R,4201,2
105616796L,1203,4
105616796R,1203,1
105616797L,1203,6
105616797R,1203,8
105616798L,1203,1
105616798R,1203,7
105631315R,2203,8
105631957L,1203,2
105631957R,1203,4
105631959L,1203,1
105631959R,1203,2
105638304R,2203,4
105638305L,2203,4
105638305R,2203,1
105638306L,2203,7
105638306R,2203,6
1061945097R,3202,1
1061959831R,5201,2
1061960390R,2202,6
1061970322L,1202,9
1061970322R,1202,5
1061973057L,2203,3
1061973065L,2203,2
1061973066L,2203,4
1061975252R,5202,1
1061975256R,5202,1
1061975257R,5202,1
1061987574R,4201,2
1061987575R,4201,1
1061987743R,3201,10
1061987745L,3201,4
1061995431L,3202,5
1061995432L,3203,1
1061995435L,3202,1
1061995436L,3203,1
1061995437L,3203,1
1061995440R,3202,3
1062041481R,1201,1
1062429670R,1201,4
1062429671R,1201,7
1067496217L,3203,5
1067496217R,3203,2
1067623174L,2202,1
1067623175L,2202,4
1067623175R,2202,4
1079983860L,3202,15
1079983860R,3202,13
1079983861L,3202,1
1085084989L,2203,1
1085084990L,2203,5
1113005545R,1201,6
1113005549L,1201,5
1113005549R,1201,5
1113006907L,3203,1
1113006907R,3203,3
1113006909R,3203,1
1113006913R,3203,2
1113006925L,1201,2
1113006926L,1201,2
112009719R,3201,1
112009720L,3201,2
112009720R,3201,1
112009722L,3201,1
112009722R,4202,1
112009723R,3201,4
1128743201R,4201,2
1134739208L,4201,3
1134739208R,4201,3
1134739209L,4201,2
1134739209R,4201,5
1134739211R,4201,1
1134739212R,4201,1
1147298015L,2202,8
1147298015R,2202,6
1147298016L,2202,16
1147298016R,2202,12
1147298017L,2202,1
1147298017R,2202,1
1147304519L,3202,1
1147304520L,3202,3
1147304520R,3202,8
1147304521L,3202,1
1147304525R,3203,1
1147304526R,3203,1
1147304529R,4201,1
1147304531L,4201,1
1147304531R,4201,1
1147304532L,4201,25
1147304533R,4201,7
1149165200L,5202,4
1149165201L,5202,7
1149165202L,5202,5
1149165203L,5202,1
1164370559L,3202,1
1164879750L,2202,1
1164879751L,2202,2
1164879752L,2202,1
1164879756L,2202,1
1164880068R,2202,8
1164880069R,2202,1
116921046L,1203,5
116921046R,1203,4
116921047L,1203,2
116921047R,1203,4
116921048L,1203,3
116921049L,1203,6
116921049R,1203,6
1172978896L,2201,8
1172978896R,2201,9
1172978897L,2201,2
1172978897R,2201,6
1177L,4201,4
1178R,4201,1
1186L,4203,6
1187L,4203,5
1187R,4203,3
1188L,4203,8
1188R,4203,2
120881844L,2202,3
120881844R,2202,1
120881845L,2202,3
120881845R,2202,3
120881847L,2202,1
120881848L,2202,15
120881848R,2202,6
120881849R,2202,2
120881850R,2202,3
120881857R,1201,1
120881858L,1201,3
120881858R,1201,3
120881859R,1201,3
120881860L,1201,3
120881860R,1201,3
120881861R,1201,1
120881862L,1201,4
120881862R,1201,3
120881863L,1201,10
120881864L,1201,1
120881864R,1201,2
120881865L,1201,10
120881866L,1201,2
120881866R,1201,2
120881867L,1201,3
120881868L,1201,2
120881869L,1201,2
120881869R,1201,3
120899075R,4202,1
120899076L,4202,1
120899076R,4202,1
120899077L,4202,14
120899077R,4202,17
120899078L,4202,11
120899078R,4202,13
120899079L,4202,7
120899079R,4202,8
120899080L,4202,4
120899080R,4202,1
120899081L,4202,7
120899081R,4202,4
120899082L,4202,4
120899082R,4202,6
120899083L,4202,2
120899083R,4202,4
120899084L,4202,1
120899084R,4202,3
120899085L,4202,1
120899085R,4202,4
120899087L,4202,4
120899087R,4202,3
120899343L,5201,2
120899343R,5201,1
120899344L,5201,1
120899345L,5201,6
120899345R,5201,2
120899346L,5201,5
120899346R,5201,2
120899347L,5201,5
120899347R,5201,2
120899348L,5201,5
120899348R,5201,8
120899349L,5201,5
120899349R,5201,3
120899350L,5201,11
120899350R,5201,10
120899352R,5201,1
120899353L,5201,3
120899354L,5201,10
120899354R,5201,11
120899355L,5201,6
120899355R,5201,4
120899356L,5201,3
120899356R,5201,1
120899357L,5201,8
120899357R,5201,9
120899358L,5201,3
120899358R,5201,3
120899359L,5201,7
120899359R,5201,9
120899360R,5201,1
120899361L,5201,2
120899361R,5201,2
120899362R,5201,2
120899363L,5201,2
120899363R,5201,2
120899364R,5201,2
120899365L,5201,2
120899365R,5201,2
120899366R,5201,3
120899367R,5201,2
120899368L,5201,2
120899368R,5201,2
120899369L,5201,3
120899369R,5201,1
120899370L,5201,2
120899370R,5201,2
120899371L,5201,3
120899372L,5201,2
120899372R,5201,2
120899373L,5201,2
120899374L,5201,2
120899374R,5201,2
120899375L,5201,1
120899376L,5201,2
120899377L,5201,2
120899377R,5201,2
120903578L,2201,1
120903578R,2201,2
120903579L,2203,8
120903579R,2203,6
120909947L,3202,1
120909948L,3202,2
127807787L,4202,3
127807787R,4202,3
127807954L,1203,3
127807954R,1203,3
127818528L,3203,2
127818528R,3201,3
127818538L,2202,2
127818538R,2202,3
127818912R,1201,4
127819259L,5202,7
127820754L,1201,1
127820754R,1201,2
127828153R,5201,4
127829058L,4202,3
127829058R,4202,5
127829059L,4202,5
127829059R,4202,7
127829060L,4202,1
127829218L,4203,6
127829247R,2202,2
127829253R,2202,1
127829262L,1203,5
127829262R,1203,5
127829287R,1202,1
127846119L,3203,2
127846120L,3203,8
127846120R,3203,2
127846121L,3203,3
127846121R,3203,4
1323L,4201,4
1323R,4201,2
1355R,4203,3
1356L,4203,2
1357R,4203,3
1885L,3202,1
1887L,3202,1
2040L,3202,4
2040R,3202,2
2042R,3202,2
2264R,4201,4
2265L,4201,2
23693931L,3203,4
23694003L,2203,6
23694003R,2203,6
23694020L,3203,14
23694020R,3203,9
23694092L,1202,2
23694145L,3202,8
23694145R,3202,7
23694200R,5202,4
23694210L,2201,10
23694210R,2201,10
23694211L,2201,14
23694211R,2201,10
23694495L,3202,1
23694495R,3202,1
23694497L,3202,2
23694497R,3202,2
23694498L,3202,11
23694498R,3202,12
23694499L,3202,2
23694499R,3202,5
23694580L,5203,2
23694580R,5203,2
23694613L,5203,4
23694613R,5203,3
23694614L,5203,4
23694678L,4202,7
23694678R,4202,5
23694684L,1202,6
23694684R,1202,6
23694694L,4203,2
23694694R,4203,1
23694696L,4203,1
23694696R,4203,1
23694697L,4203,5
23694697R,4203,6
23694698L,4203,7
23694698R,4203,5
23694709L,2203,13
23694709R,2203,14
23694780L,5201,3
23694780R,5201,3
23694973L,1202,2
23694973R,1202,3
23695123L,5203,7
23695123R,5203,10
23695258L,2201,5
23695258R,2201,6
23695259L,2201,1
23695259R,2201,3
23695260L,2202,2
23695260R,2202,1
23695261L,2202,2
23695261R,2202,1
23695432R,4203,4
23695510L,3201,6
23695510R,3201,8
23695552L,2201,3
23695553L,2201,1
23695553R,2201,1
23695554L,2201,10
23695554R,2201,10
23695555L,2201,10
23695555R,2201,10
23695557L,2201,4
23695557R,2201,5
23695558L,2201,6
23695558R,2201,8
23695708L,3202,17
23695708R,3202,12
23695879L,3202,17
23695879R,3202,16
23696017L,1202,9
23696017R,1202,6
23696018L,1202,5
23696018R,1202,4
23696310L,2201,6
23696310R,2201,3
23696312L,2202,19
23696312R,2202,18
23696370L,5202,15
23696370R,5202,18
23696605L,1202,3
23696605R,1202,2
23696652L,5201,3
23696652R,5201,4
23696653L,2201,16
23696653R,2201,11
23696732L,5203,4
23696732R,5203,7
23696733L,5203,3
23696733R,5203,2
23696734L,5203,1
23696735L,5203,7
23696739L,2202,1
23696863L,3201,3
23696863R,3201,4
23696864L,3201,3
23696864R,3201,5
23696865L,3201,3
23696865R,3201,4
23696866L,3201,3
23696866R,3201,4
23696867L,3201,3
23696867R,3201,6
23696868L,3201,3
23696868R,3201,4
23696869L,3201,4
23696869R,3201,5
23696870L,3201,4
23696870R,3201,6
23696871L,3201,4
23696871R,3201,5
23696915L,4203,9
23696915R,4203,4
23696916R,4203,1
23696917L,4203,4
23696917R,4203,2
23696918L,4203,3
23696919R,4203,1
23696920L,4203,6
23696920R,4203,4
23696923L,2202,1
23696923R,4203,2
23696924L,2202,1
23696924R,4203,1
23696925L,2202,1
23696925R,4203,2
23696926L,2202,1
23697066R,4203,1
23697067L,4203,1
23697067R,4203,1
23697069L,4203,1
23697069R,4203,1
23697070R,4203,2
23697072L,4203,4
23697073L,4203,8
23697073R,4203,7
23697161R,1203,4
23697162R,1203,2
23697163R,1203,3
23697164L,1203,4
23697164R,1203,6
23697166L,4203,4
23697166R,4203,3
23697167L,4203,3
23697167R,4203,1
23697171R,2202,4
23697237L,5203,4
23697237R,5203,6
23697317L,2202,3
23697317R,2202,2
23697318L,2202,1
23697318R,2202,2
23697355R,3203,1
23697441L,3201,17
23697441R,3201,14
23697587L,2201,3
23697587R,2201,3
23697674L,5201,8
23697674R,5201,10
23697722L,1202,3
23697722R,1202,5
23697828L,1203,1
23697828R,2202,1
23697895L,1202,1
23697896L,1202,5
23697896R,1202,3
23697939L,4201,1
23697941L,4201,1
23697946L,4201,4
23697946R,4201,1
23698001L,4203,7
23698001R,4203,6
23698027L,5203,3
23698027R,5203,3
23698161L,5203,5
23698161R,5203,3
23698162R,5203,4
23698163L,5203,4
23698188L,5203,4
23698189L,5203,2
23698269L,2203,8
23698269R,2203,8
23698286L,5203,5
23698286R,5203,6
23698288L,5203,5
23698288R,5203,3
23698349L,1203,7
23698349R,1203,7
23698350L,1203,3
23698350R,1203,7
23698351L,1202,7
23698351R,1202,7
23698407L,2202,4
23698407R,4203,6
23698408R,2202,3
23698409L,2202,4
23698409R,4203,4
23698413L,4203,8
23698413R,4203,4
23698414L,4203,4
23698414R,4203,6
23698415L,4203,5
23698415R,4203,2
23698416L,4203,3
23698416R,4203,13
23698417L,4203,2
23698417R,4203,7
23698418L,4203,2
23698418R,4203,4
23698419L,4203,2
23698419R,4203,8
23698467L,3202,3
23698467R,3202,3
23698515L,1202,3
23698515R,1202,1
23698516L,1202,10
23698516R,1202,12
23698517L,1202,1
23698762L,1201,13
23698762R,1201,12
23698763L,1201,9
23698763R,1201,8
23698788R,1201,1
23698836L,2203,11
23698836R,2203,13
23699011L,2201,3
23699011R,2201,6
23699012L,2201,3
23699012R,2201,5
23699016L,2201,8
23699016R,2201,11
23699063L,4201,3
23699063R,4201,2
23699245L,3203,5
23699245R,3203,9
23699257L,2201,9
23699257R,2201,6
23699270L,1202,7
23699270R,1202,7
23699396R,2201,2
23699402L,2203,2
23699402R,2203,5
23699403L,2203,4
23699403R,2203,1
23699404L,2203,1
23699404R,2203,2
23699405L,2203,1
23699405R,2203,3
23699628L,4203,11
23699628R,4203,10
23699629L,4203,4
23699629R,4203,4
23699632R,2202,1
23699633L,2202,8
23699633R,2202,1
23699634L,2202,5
23699634R,2202,6
23699635L,2202,3
23699636R,1203,4
23699639L,1203,1
23699792L,5202,6
23699792R,5202,6
23699793L,5202,2
23699793R,5202,5
23699828L,1201,2
23699829L,1201,1
23699830L,1201,1
23699830R,1201,1
23699831L,1201,5
23699831R,1201,3
23699832L,1201,1
23699858L,3202,1
23699858R,3202,2
23699859L,3202,4
23699859R,3202,7
23699862L,3202,3
23699862R,3202,2
23699863R,3202,1
23699865L,3202,6
23699865R,3202,6
23699910R,1202,1
23699980L,3202,15
23699980R,3202,13
23700007L,5201,3
23700007R,5201,5
23700008L,5201,1
23700008R,5201,4
23700012L,5203,3
23700012R,5203,3
23700013R,5203,1
23700041L,3201,8
23700041R,3201,6
23700063L,1202,3
23700063R,1202,2
23700079L,4202,3
23700079R,4202,3
23700162L,3201,7
23700162R,3201,7
23700170L,2201,3
23700170R,2201,4
23700171L,2201,5
23700171R,2201,6
23700367L,4202,12
23700367R,4202,11
23700518L,4203,14
23700518R,4203,13
23700682L,4203,14
23700682R,4203,12
23700683L,4203,9
23700683R,4203,8
23700706R,1202,4
23700708L,1202,3
23700708R,1202,1
23700756L,4203,7
23700756R,4203,5
23700841L,3202,4
23700841R,3202,9
23700926L,3201,3
23700926R,3201,1
23700932L,3201,9
23700932R,3201,9
23701041L,4202,9
23701041R,4202,6
23701042R,4202,1
23701043L,4202,5
23701043R,4202,4
23701045L,4202,1
23701045R,4202,1
23701050R,3202,4
23701051L,3202,3
23701051R,3202,4
23701166L,1202,17
23701166R,1202,19
23701167L,1202,2
23701167R,1202,1
23701182L,1201,4
23701182R,1201,8
23701185R,1202,1
23701245L,5201,3
23701245R,5201,3
23701246L,5201,3
23701246R,5201,2
23701247R,5201,3
23701253L,5201,4
23701253R,5201,1
23701266L,4202,4
23701266R,4202,2
23701267L,4202,6
23701267R,4202,2
23701358L,1201,10
23701358R,1201,8
23701359L,1201,9
23701359R,1201,5
23701367R,5203,2
23701368L,5201,9
23701368R,5201,7
23701412L,4203,4
23701412R,4203,5
23701413L,2202,4
23701413R,2202,4
23701414L,2202,5
23701414R,2202,7
23701415R,2202,1
23701538L,3203,4
23701538R,3201,3
23701539L,3203,4
23701539R,3201,3
23701541L,3203,5
23701541R,3201,3
23701542L,3203,6
23701542R,3201,3
23701543L,3203,3
23701543R,3201,3
23701544L,3203,5
23701544R,3201,3
23701545L,3203,5
23701545R,3201,3
23701546L,3203,4
23701546R,3201,3
23701567R,3203,3
23701568L,3203,1
23701568R,3203,3
23701569L,3203,8
23701569R,3203,9
23701848L,2201,8
23701848R,2201,8
23701857R,2201,1
23701858R,2201,1
23701859L,2203,1
23701859R,2203,4
23701860L,2203,2
23701860R,2203,5
23701861L,2203,11
23701861R,2203,10
23701862L,2203,2
23701862R,2203,4
23701863L,2203,2
23701863R,2203,2
23701864L,2203,12
23701864R,2203,15
23701865R,2203,4
23701866R,2203,3
23701999L,4203,1
23701999R,4203,1
23702029L,5201,2
23702029R,5201,2
23702030R,5201,1
23702031L,5201,1
23702031R,5201,1
23702032L,5201,1
23702032R,5201,1
23702033L,5201,6
23702033R,5201,5
23702037L,5201,3
23702037R,5201,3
23702038L,2202,4
23702046L,2202,7
23702046R,2202,5
23702047L,2202,8
23702047R,2202,7
23702231L,1201,10
23702231R,1201,8
23702279L,1201,5
23702279R,1201,2
23702281L,2201,3
23702281R,2201,6
23702361L,4203,2
23702361R,4203,2
23702467L,2203,2
23702467R,2203,1
23702468L,2203,4
23702469L,2203,3
23702470L,2203,3
23702497L,1202,22
23702497R,1202,24
23702539R,4201,3
23702540L,4201,3
23702540R,4201,3
23702542L,4201,10
23702542R,4201,9
23702678L,2203,3
23702678R,2203,4
23702680R,2203,2
23702694L,5202,7
23702694R,5202,5
23702769L,3201,1
23702809R,5203,3
23702810R,5203,3
23702887R,5202,9
23702948L,2202,7
23702948R,2202,8
23702949L,2202,18
23702949R,2202,18
23703061R,3201,4
23703062R,3201,3
23703063R,3203,3
23703064L,3203,3
23703064R,3203,6
23703065R,3201,3
23703066L,3201,4
23703066R,3201,4
23703107L,3202,6
23703107R,3202,8
23703111L,3202,6
23703111R,3202,8
23703220L,2201,4
23703221L,2201,4
23703222L,2201,4
23703223L,2202,2
23703223R,2202,2
23703226L,2202,1
23703226R,2202,5
23703491L,3203,4
23703491R,3203,4
23703717R,1201,4
23703718L,1203,9
23703718R,1203,11
23703738L,2202,4
23703739L,2202,5
23703883L,5201,4
23703883R,5201,4
23703905L,1202,7
23703905R,1202,6
23703906L,1202,9
23703906R,1202,9
23704021R,4203,9
23704022R,4203,10
23704023L,2202,2
23704023R,2202,1
23704026L,2202,1
23704027R,2202,2
23704028L,2202,1
23704028R,2202,1
23704049L,4201,5
23704049R,4201,5
23704254L,3202,4
23704254R,3202,4
23704255R,3202,1
23704256L,3202,1
23704454L,5203,6
23704454R,5203,6
23704505L,4202,3
23704505R,4202,5
23704548R,4201,1
23704564R,3203,4
23704587L,1202,6
23704588L,1202,3
23704589L,1202,2
23704631L,2201,2
23704631R,2201,4
23704632L,2201,4
23704632R,2201,1
23704688L,3203,2
23704688R,3203,1
23704689L,3203,3
23704689R,3203,3
23704805L,1202,15
23704805R,1202,15
23704903L,1202,9
23704903R,1202,9
23704904L,1202,9
23704904R,1202,8
23704919L,1202,5
23704919R,1202,2
23704920L,1202,1
23704920R,1202,1
23704921L,2202,5
23704921R,2202,4
23704923L,5201,10
23704923R,5201,10
23704924L,5203,8
23704924R,5203,7
23704950L,4202,1
23704950R,4202,1
23705066L,5203,2
23705066R,5203,3
23705338L,4201,16
23705338R,4201,13
23705339L,4201,2
23705339R,4201,3
23705537R,5203,3
23705538L,5203,1
23705539L,5203,3
23705692L,2202,1
23705692R,2202,2
23705693L,2202,2
23705693R,2202,5
23705797L,3202,5
23705797R,3202,6
23705798L,3202,6
23705798R,3202,5
23705820L,1203,2
23705820R,1203,3
23705821L,1203,2
23705821R,1203,3
23705822L,1203,3
23705822R,1203,5
23705823L,1203,4
23705823R,1203,4
23705826L,1201,1
23705826R,1201,1
23705827R,1201,1
23705877L,3203,8
23705877R,3203,6
23705915L,1201,3
23705915R,1201,3
23705994L,2201,11
23705994R,2201,10
23706000R,3202,3
23706058L,1201,3
23706058R,1201,2
23706061L,2203,2
23706061R,2203,3
23706087L,2201,8
23706087R,2201,8
23706110L,5201,4
23706110R,5203,2
23706111R,5201,3
23706113R,5203,1
23706117R,5203,4
23706118L,5203,5
23706118R,5203,5
23706183L,3203,8
23706183R,3203,7
23706184R,3203,3
23706208L,3201,2
23706208R,3201,1
23706314L,2203,11
23706314R,2203,12
23706418L,1202,9
23706418R,1202,12
23706419L,1202,3
23706419R,1202,6
23706420L,1202,4
23706420R,1202,4
23706421L,1202,6
23706421R,1202,2
23706620L,5201,6
23706620R,5201,6
23706623L,4203,5
23706623R,4203,6
23706801R,3201,3
23706888R,5203,1
23706890L,5202,7
23706890R,5202,6
23707005R,4202,1
23707114L,2203,3
23707115L,2203,2
23707115R,2203,6
23707116R,2203,4
23707350L,3202,1
23707350R,3202,2
23707365L,4203,3
23707365R,4203,2
23707422L,1202,8
23707422R,1202,7
23707423R,1202,4
23707424R,1202,4
23707425L,1202,1
23707425R,1202,2
23707428L,1202,3
23707428R,1202,3
23707444L,2201,2
23707444R,2201,2
23707449L,2201,6
23707449R,2201,5
23707450L,2201,4
23707450R,2201,2
23707453L,2201,4
23707453R,2201,2
23707454L,2201,3
23707454R,2201,1
23707455L,2201,4
23707455R,2201,2
23707456L,2201,2
23707456R,2201,2
23707477L,1203,8
23707477R,1203,5
23707479L,1203,6
23707479R,1203,2
23707483L,3202,3
23707483R,3202,4
23707563R,5201,1
23707805L,1202,2
23707805R,1202,3
23707911L,4203,2
23707911R,4203,5
23707912L,4203,3
23707912R,4203,5
23707913L,4203,2
23707913R,4203,4
23707914R,4203,5
23708028L,2201,6
23708028R,2201,5
23708064L,1202,13
23708130L,4203,8
23708130R,4203,10
23708131L,4203,2
23708131R,4203,3
23708133R,4203,2
23708134L,4203,12
23708134R,4203,11
23708135L,1203,1
23708135R,1203,3
23708136L,1203,1
23708136R,1203,5
23708137L,1203,2
23708137R,1203,3
23708138L,1203,3
23708138R,1203,2
23708139L,1203,3
23708139R,1203,5
23708140L,4203,2
23708140R,4203,1
23708141L,4203,3
23708141R,4203,2
23708145L,2202,4
23708145R,2202,4
23708146L,2202,3
23708146R,2202,3
23708338L,3202,2
23708339L,3202,1
23708422L,1201,7
23708422R,1201,1
23708519R,1203,4
23708520R,1203,2
23708614R,4202,8
23708615R,4202,4
23708728L,2201,10
23708728R,2201,7
23708731L,2201,2
23708732L,2201,3
23708732R,2201,1
23708762R,3203,8
23708764L,3201,10
23708764R,3201,9
23708866L,5202,1
23708866R,5202,3
23708875L,5202,7
23708875R,5202,7
23708913L,3203,8
23708913R,3203,11
23708914L,3203,10
23708914R,3203,10
23708978L,1202,1
23708978R,1202,4
23708979L,1202,2
23708979R,1202,1
23708980L,1202,1
23708980R,1202,1
23708981L,1202,4
23708998L,1203,5
23708998R,1203,6
23708999L,1203,7
23708999R,1203,8
23709000L,1203,8
23709000R,1203,9
23709004R,1202,5
23709005R,1202,2
23709006L,1202,2
23709006R,1202,4
23709162L,4202,2
23709162R,4202,4
23709163L,4202,2
23709163R,4202,1
23709165L,4202,3
23709165R,4202,2
23709283L,3202,5
23709283R,3202,5
23709490L,2202,9
23709490R,2202,8
23709491L,2202,19
23709491R,2202,18
23709499R,3202,3
23709500L,3202,5
23709500R,3202,3
23709608L,2203,13
23709608R,2203,13
23709656L,2202,3
23709662L,2202,3
23709662R,2202,5
23709663L,2202,6
23709663R,2202,4
23709664L,2202,9
23709664R,2202,10
23709778L,3202,2
23709841L,4203,4
23709841R,4203,4
23709944L,4201,2
23710028L,3201,11
23710028R,3201,12
23710029L,3201,4
23710030L,3201,4
23710035L,1201,1
23710035R,1201,49
23710036L,1201,2
23710036R,1201,1
23710060L,5201,4
23710060R,5201,2
23710196L,3203,10
23710196R,3203,12
23710218L,1203,6
23710218R,1203,7
23710221L,1203,4
23710221R,1203,8
23710223L,1203,9
23710223R,1203,7
23710225L,1203,8
23710225R,1203,10
23710227L,1203,4
23710227R,1203,4
23710338L,1203,2
23710338R,1203,2
23710341L,1203,2
23710341R,1203,3
23710342L,1203,5
23710342R,1203,2
23710344L,1202,3
23710344R,1202,9
23710418L,3202,4
23710421R,3202,3
23710422R,3202,1
23710516L,5201,7
23710516R,5201,6
23710540L,4203,2
23710540R,4203,2
23710555L,4203,7
23710555R,4203,4
23710556L,4203,2
23710556R,4203,2
23710557L,4203,2
23710557R,4203,3
23710558L,4203,3
23710558R,4203,2
23710559L,4203,1
23710559R,4203,3
23710560L,4203,8
23710560R,4203,8
23710619L,2203,2
23710619R,2203,3
23710632L,3201,10
23710632R,3201,10
23710653L,2203,7
23710653R,2203,8
23710773L,5201,4
23710773R,5201,4
23710780L,1201,3
23710780R,1201,5
23710818L,1203,7
23710818R,1203,9
23710819L,1203,7
23710819R,1203,7
23710820L,1203,8
23710820R,1203,7
23710821L,1203,8
23710821R,1203,6
23710822L,1203,8
23710822R,1203,9
23710823L,1203,5
23710823R,1203,2
23710868L,2202,2
23710870L,2202,1
23710870R,2202,7
23710871L,2202,1
23710871R,2202,8
23710874L,2202,3
23710874R,2202,4
23710875L,4202,12
23710875R,4202,12
23710933L,1202,3
23710933R,1202,4
23710934L,1202,2
23710934R,1202,2
23710935L,1202,4
23710935R,1202,6
23711037L,2203,20
23711090L,2203,5
23711090R,2203,1
23711120R,3201,2
23711122L,2203,6
23711122R,2203,6
23711207L,3201,10
23711207R,3201,16
23711351L,1202,2
23711351R,1202,3
23711509L,3202,3
23711509R,3202,2
23711615L,5202,6
23711616L,5202,3
23711792L,5201,3
23711792R,5201,4
23711924L,3203,1
23711925R,3203,1
23711931R,3202,4
23711932L,3202,2
23711932R,3202,13
23711933R,3202,3
23711992L,1202,2
23711995L,3202,3
23711995R,3202,3
23712246R,3202,1
23712332L,1202,2
23712332R,1202,2
23712363L,2203,1
23712363R,2203,1
23712366L,2203,1
23712440L,4202,3
23712440R,4202,4
23712606L,3202,5
23712606R,3202,10
23712776L,4202,13
23712776R,4202,9
23712777L,4202,6
23712777R,4202,6
23712822L,4202,11
23712822R,4202,6
23712826L,3201,13
23712826R,3201,12
23712941L,4202,1
23712946L,4202,4
23712946R,4202,3
23712948L,4202,3
23712948R,4202,1
23712950L,4202,4
23712950R,4202,5
23712951L,3201,1
23712951R,3201,12
23712952L,3201,8
23712952R,3201,8
23712953R,3203,1
23712954L,3203,22
23712954R,3203,13
23712959R,4202,5
23712960R,4202,5
23712988L,4202,7
23712988R,4202,8
23712989R,4202,4
23712990R,4202,5
23713017L,3201,8
23713017R,3201,9
23713018L,4202,1
23713018R,4202,3
23713038L,3201,1
23713039L,3201,7
23713039R,3201,7
23713040L,3203,2
23713040R,3203,1
23713041L,3203,3
23713041R,3203,7
23713042L,3201,5
23713042R,3201,5
23713064L,4202,8
23713064R,4202,8
23713165L,4201,4
23713165R,4201,6
23713310R,4201,4
23713311L,4201,1
23713311R,4201,7
23713776L,5202,24
23713776R,5202,21
23713807L,5203,8
23713807R,5203,8
23713808L,5203,9
23713808R,5203,13
23713849L,4203,2
23713849R,4203,6
23713850L,4203,2
23713850R,4203,5
23713920L,4201,22
23713920R,4201,16
23713996L,4203,5
23713996R,4203,7
23714000L,2202,4
23714000R,2202,5
23714001L,2202,5
23714001R,2202,5
23714027L,3203,4
23714027R,3203,3
23714028L,3202,3
23714029L,3202,7
23714029R,3202,3
23714119R,2203,3
23714120L,5201,1
23714120R,5201,1
23714121L,5201,1
23714121R,5201,2
23714122L,5201,1
23714122R,5201,1
23714123L,5201,3
23714123R,5201,3
23714124L,5201,5
23714124R,5201,4
23714157L,1203,5
23714157R,1203,2
23714158L,1203,1
23714158R,1203,1
23714187L,1202,9
23714187R,1202,9
23714188L,1202,8
23714188R,1202,8
23714189R,1202,1
23714217L,2202,4
23714217R,2202,4
23714218L,2202,3
23714218R,2202,4
23714219L,1203,5
23714219R,1203,3
23714220L,1203,4
23714220R,1203,5
23714305R,2203,2
23714322L,3203,9
23714322R,3203,11
23714324R,3203,2
23714338R,1202,1
23714354R,2201,3
23714355R,2203,1
23714356R,2203,11
23714360R,2203,12
23714496L,2202,1
23714496R,2202,3
23714522L,1201,5
23714522R,1201,3
23714555L,2201,14
23714555R,2201,11
23714793R,4202,2
23714794R,4202,3
23714977L,5201,5
23714977R,5201,6
23715135L,5203,3
23715135R,5203,6
23715155R,5202,10
23715156L,5202,4
23715156R,5202,3
23715181L,5201,6
23715181R,5201,11
23715202L,5202,2
23715202R,5202,7
23715229L,3202,10
23715229R,3202,4
23715230L,3202,5
23715354L,3203,4
23715354R,3203,1
23715415R,4202,1
23715533L,1202,3
23715533R,1202,4
23715538L,3202,3
23715539L,3202,5
23715541L,3202,3
23715543L,3202,2
23715543R,3203,1
23715544R,3203,5
23715545R,3203,1
23715547L,3202,1
23715550L,3203,9
23715550R,3203,8
23715553L,3203,9
23715553R,3203,18
23715654L,1202,21
23715654R,1202,23
23715818L,5203,2
23715842L,2201,7
23715842R,2201,7
23715843L,2201,13
23715843R,2201,14
23715844L,2201,4
23715845R,2201,4
23715846R,2201,4
23715847L,2203,8
23715847R,2203,10
23715848L,2203,4
23715911L,2202,15
23715911R,2202,21
23715914L,4202,4
23715914R,4202,4
23715915L,4202,2
23715916L,4202,2
23715916R,4202,10
23715917L,4202,3
23715917R,4202,3
23715919L,4201,2
23716068L,1201,7
23716068R,1201,2
23716069L,1201,6
23716069R,1201,4
23716070L,1201,3
23716366L,3201,11
23716366R,3201,11
23716375L,4203,13
23716375R,4203,15
23716376L,4203,4
23716376R,4203,4
23716563L,2202,4
23716563R,2202,4
23716571L,3202,1
23716571R,3202,3
23716573R,3202,3
23716578L,4203,5
23716578R,4203,6
23716579L,4203,12
23716579R,4203,11
23716580L,2202,2
23716581L,4203,7
23716581R,4203,6
23716582R,4203,9
23716583L,2202,2
23716583R,2202,1
23716584R,2202,2
23716585R,2202,1
23716604L,1203,4
23716604R,1203,4
23716605L,1203,4
23716605R,1203,4
23716608L,1203,2
23716609L,1203,1
23716610L,1201,3
23716610R,1201,4
23716611L,1201,1
23716611R,1201,2
23716612L,1201,2
23716612R,1201,4
23716615L,2202,6
23716619R,2202,1
23716621L,5201,2
23716621R,5201,1
23716622L,5201,14
23716622R,5201,25
23716627L,5202,12
23716627R,5202,16
23716820L,3201,9
23716820R,3201,9
23716827L,4202,11
23716827R,4202,18
23716828L,4202,7
23716828R,4202,6
23716851L,4202,13
23716851R,4202,13
23716876L,2203,2
23716876R,2203,3
23716877L,2203,2
23716877R,2203,5
23716878L,2203,2
23716878R,2203,3
23716879L,2203,13
23716879R,2203,13
23717036L,3201,5
23717036R,3201,5
23717121L,5203,2
23717121R,5203,5
23717122L,5203,2
23717122R,5203,3
23717123L,5203,1
23717123R,5203,5
23717200L,5203,2
23717200R,5203,2
23717275L,5203,8
23717275R,5203,8
23717347R,4201,2
23717451R,3202,4
23717452R,3202,5
23717455R,3202,1
23717457R,3202,8
23717498R,3201,11
23717499R,3201,6
23717612L,5202,4
23717612R,5202,2
23717613L,5202,9
23717613R,5202,10
23717699R,4201,24
23717734L,2203,6
23717734R,2203,6
23717830L,4202,2
23717830R,4202,1
23717983L,5203,8
23717983R,5203,5
23717996L,3201,1
23717996R,3201,2
23718032L,3202,11
23718032R,3202,4
23718062L,2203,12
23718062R,2203,9
23718092L,5201,7
23718092R,5201,7
23718101L,4203,1
23718102L,4203,5
23718102R,4203,5
23718105L,2202,3
23718105R,2202,4
23718106L,2202,5
23718106R,2202,4
23719775L,4201,6
23719775R,4201,41
23719828R,4201,12
23719829L,3201,4
23719830L,3201,2
23719831L,3201,1
23719831R,3201,3
23719832R,3201,2
23719833L,3201,1
23719833R,3201,4
23719834L,3201,6
23719834R,3201,5
23719840R,4202,1
23719841R,4202,15
23719842L,4202,4
23719842R,4202,8
23719845L,4202,13
23719845R,4202,7
23719929R,5203,2
23719930L,5203,1
23719930R,5203,4
23719932L,5203,1
23719933L,5203,5
23719933R,5203,5
23719934L,5203,2
23719934R,5203,1
23719936L,5203,4
23719936R,5203,4
23719937L,5203,2
23719937R,5203,4
23719938L,5203,4
23719938R,5203,8
23719939L,5203,9
23719939R,5203,9
23719941L,5203,10
23719941R,5203,7
23719957L,1203,9
23719957R,1203,8
23719958R,1203,6
23719959L,1203,11
23719959R,1203,5
23719960L,1203,1
23719960R,1203,4
23719962L,3202,1
23719962R,3202,1
23719964L,3203,7
23720009L,3201,9
23720009R,3201,3
23720010R,3201,1
23720013L,2203,1
23720013R,2203,7
23724723L,2201,2
23724723R,2201,3
23724787R,5203,4
23724788R,5203,1
23724789L,5203,5
23724789R,5203,2
23724931R,5202,5
23724937L,5203,1
23724937R,5203,2
23724964L,5202,1
23725121R,4202,2
23725122R,4202,3
23725123R,4202,1
23725229L,3203,8
23725229R,3203,3
23725253L,3201,1
23725255L,3201,1
23725567R,3201,1
23726473L,2201,4
23726473R,2201,5
23726474L,2201,10
23726474R,2201,9
23726868R,4203,1
23726953L,4201,1
23726954R,4201,1
23726956L,5201,5
23726956R,5201,8
23726958L,4203,2
23726958R,4203,4
23727072L,5203,3
23727072R,5203,3
23727073L,3202,2
23727075L,3203,4
23727356L,4203,7
23727356R,4203,8
23728791L,5203,7
23728791R,5203,8
23728792L,5203,9
23728792R,5203,7
23728793L,5203,4
23728794L,5203,3
23728794R,5203,1
23728795L,5203,3
23729039L,5201,2
23729039R,5201,7
23729877L,5202,11
23729877R,5202,7
23729878L,5202,4
23729878R,5202,1
23729879L,5202,3
23730052L,4201,12
23730052R,4201,14
23730053L,4201,8
23730053R,4201,13
23730056L,4201,9
23730056R,4201,12
23730058L,4201,9
23730058R,4201,8
23730059L,4201,3
23730169L,5202,3
23730169R,5202,4
23730173L,3202,3
23730180L,2201,12
23730180R,2201,7
23730184L,5203,8
23730184R,5203,12
23730185L,2201,1
23730185R,2201,3
23730421L,5202,7
23730421R,5202,3
23730422L,5202,3
23730645L,1201,1
23730646L,1201,10
23730646R,1201,3
23731666L,3201,4
23731666R,3201,3
23731670L,2203,4
23731671L,2203,10
23731672L,2203,1
23731672R,2203,6
23732190L,5203,2
23732190R,5203,5
23732191L,5203,6
23732191R,5203,4
23732192L,5203,1
23732192R,5203,2
23732193L,5203,4
23732194L,5203,3
23732194R,5203,4
23732195L,5203,7
23732195R,5203,4
23732196R,5203,5
23732197R,5203,3
23732198L,5203,4
23732198R,5203,3
23732199L,5203,2
23732199R,5203,5
23732433L,5201,5
23732434L,5201,7
23732434R,5201,14
23732435L,5201,7
23732435R,5201,7
23732436R,5201,6
23732437L,5201,2
23732437R,5201,7
23732438L,5201,7
23732438R,5201,8
23735457L,2203,3
23735457R,2203,5
23735458L,2203,5
23735458R,2203,1
23736251L,5202,4
23736251R,5202,4
23736252R,5202,2
23736253R,5202,8
23736254R,5202,11
23736256L,5202,1
23736256R,5202,1
23736259L,3203,4
23736259R,3203,3
23736275L,5202,5
23736275R,5202,2
23736276L,5202,15
23736276R,5202,19
23736277L,5202,2
23736277R,5202,1
23736278L,5202,1
23736279L,5202,2
23736279R,5202,1
23736280L,5202,4
23736280R,5202,8
23736281L,5202,13
23736281R,5202,12
23736282L,5202,16
23736282R,5202,7
23736285L,5202,5
23736285R,5202,13
23736286L,5202,1
23736286R,5202,4
23736323L,5202,5
23736323R,5202,9
23736324L,5202,4
23736324R,5202,5
23736325R,5202,2
23736958L,5201,2
23736959L,5201,4
23736959R,5201,2
23738669L,1202,2
23738669R,1202,2
23738671L,1201,5
23738671R,1201,5
23738674L,4203,15
23738674R,4203,14
23738675L,4203,8
23738675R,4203,8
23738679R,1202,4
23738680L,1202,4
23738680R,1202,2
23738820L,1202,1
23738820R,1202,3
23738821L,1202,2
23738821R,1202,2
23738822L,2203,6
23738824L,2201,11
23738824R,2201,15
23738827L,2201,6
23738827R,2201,5
23738834L,2202,7
23738834R,2202,3
23738835L,2202,19
23738835R,2202,18
23738839L,2201,7
23738839R,2201,6
23738841L,2201,10
23738841R,2201,10
23738842L,2201,7
23738842R,2201,9
23738843L,2201,9
23738843R,2201,12
23738844L,2203,18
23738844R,2203,17
23738845L,2203,3
23738846L,1202,5
23738846R,1202,3
23738847R,1202,3
23738848L,5201,6
23738848R,5201,5
23738850L,5201,5
23738850R,5201,9
23738851L,5201,7
23738851R,5201,7
23738855L,5202,1
23738858L,5203,12
23738858R,5203,12
23738859L,5203,8
23738859R,5203,3
23738860L,5203,8
23738860R,5203,8
23738861R,5203,4
23738862L,5203,7
23738862R,5203,8
23738865L,5203,6
23738865R,5203,3
23738899R,4202,4
23738900R,4202,3
23738901R,4202,3
23738902R,4202,5
23738903R,4202,3
23738904R,4202,2
23738905R,4202,1
23738910L,4202,4
23738911L,4202,5
23738912L,4202,4
23738913L,4202,4
23738914L,4202,4
23738915L,4202,13
23738915R,4202,13
23738916L,4202,5
23738916R,4202,5
23738918L,4202,13
23738921L,4202,16
23738921R,4202,15
23738922L,4202,17
23738922R,4202,15
23738923L,4202,18
23738923R,4202,17
23738924L,4202,6
23738924R,4202,18
23738925L,4202,10
23738925R,4202,9
23738926L,4202,10
23738926R,4202,11
23738927L,4202,9
23738927R,4202,10
23738928L,4202,9
23738928R,4202,9
23738930L,4202,10
23738930R,4202,9
23738932R,4202,1
23738934R,4202,8
23738936L,5202,3
23738937L,5202,1
23738938L,5202,1
23738939L,5202,1
23738942L,5202,7
23738943R,5202,5
23738944R,5202,5
23738945R,5202,4
23738947L,5202,12
23738947R,5202,11
23738949L,5202,12
23738949R,5202,12
23738950R,5202,1
23738952R,5202,2
23738953R,5202,1
23738954L,5202,12
23738954R,5202,5
23738955L,5202,3
23738956L,5202,3
23738956R,5202,1
23738957R,5202,1
23738958L,5202,10
23738958R,5202,10
23738959R,5202,4
23738960R,5202,3
23738961L,5202,11
23738961R,5202,11
23738962L,5202,12
23738962R,5202,12
23738963R,5202,4
23738964R,5202,4
23738965L,5202,2
23738965R,5202,4
23738966L,5202,5
23738966R,5202,4
23738967L,5202,3
23738967R,5202,5
23740613L,5202,7
23740613R,5202,9
23740615L,5202,17
23740615R,5202,25
23740616L,5202,1
23740616R,5202,4
23748340L,3203,1
23748341L,3203,7
23748341R,3203,4
23749160R,4202,6
23752689L,2202,5
23752714L,5201,4
23752714R,5201,3
23752728L,5201,3
23752728R,5201,3
23752729L,5201,4
23752729R,5201,2
23752732L,1202,7
23752732R,1202,4
23752734L,5201,5
23752921L,3201,1
23752928L,3201,9
23752928R,3201,5
23752930L,3203,4
23752930R,3203,5
23752931R,3203,2
23752932L,3203,2
23752932R,3203,3
23752933L,3203,4
23752933R,3203,5
23752934L,3203,5
23752934R,3203,5
23753043L,3203,5
23753043R,3203,5
23753044R,3203,4
23753045L,3203,7
23753045R,3203,8
23753046L,3203,1
23753046R,3203,3
23753049L,3203,5
23753049R,3203,4
23753051R,3203,7
23753062R,4202,3
23753063R,4202,4
23753067R,4202,3
23753069L,4202,6
23753069R,4202,3
23753072R,4202,1
23753073L,3203,5
23753104L,3203,6
23753104R,3203,4
23753106L,3203,1
23753106R,3203,2
23753107R,3203,1
23753108L,4202,11
23753108R,4202,12
23754848L,1201,8
23754850L,1201,3
23754850R,1201,3
23754851L,1201,8
23754851R,1201,7
23754852R,1201,1
23754853L,1201,6
23754853R,1201,6
23754854L,1201,6
23754854R,1201,6
23754855L,1201,2
23756425L,5203,4
23756425R,5203,3
23756426L,5203,6
23756426R,5203,5
23756427L,5203,14
23756427R,5203,12
23756428L,5203,8
23756428R,5203,10
23756429L,5203,5
23756429R,5203,3
23756430R,5203,1
23771150R,4201,1
23771152L,5203,5
23771153R,5203,3
23771211L,3202,10
23771211R,3202,2
23771213L,4201,9
23771277R,3201,3
23771279L,3201,4
23771282L,4201,12
23771282R,4201,9
23771284L,4202,9
23771284R,4202,9
23771287R,3202,1
23771650R,2202,2
23771651R,2202,1
23797263L,1201,4
23797263R,1201,3
23798749L,5201,1
23798749R,5201,3
23798751L,5203,5
23798751R,5203,9
23798754L,5203,4
23798754R,5203,7
23798755R,5203,5
23798757R,2201,5
23837719L,1201,12
23837719R,1201,11
23838615L,1202,1
23838615R,1202,3
23838618L,1202,1
23838620R,1202,3
23841050L,4201,5
23841290L,3203,5
23841290R,3203,4
24520750R,5201,2
24532523L,4203,10
24532523R,4203,11
24532524L,4203,7
24532524R,4203,5
24532553R,1201,3
24532555L,1201,10
24532555R,1201,9
24532557L,1201,1
24532558L,1201,7
24532558R,1201,6
24532559R,1201,5
24532560L,1201,6
24532561R,1201,14
24532562L,1201,2
24532563L,1201,5
24532563R,1201,1
24532564L,1201,1
24532564R,1201,2
24532565L,1201,8
24532565R,1201,2
24532566R,1201,12
24532567L,1201,9
24532567R,1201,2
24532568L,1201,1
24532568R,1201,3
24532569L,1201,2
24532569R,1201,2
24532571L,1201,3
24532571R,1201,5
24532572L,1201,1
24532572R,1201,3
24532573L,1201,1
24532573R,1201,8
24532574L,1201,3
24532574R,1201,1
24532575L,1201,7
24532575R,1201,7
24532576L,1201,5
24532576R,1201,1
24532577L,1201,2
24532577R,1201,9
24552805L,3203,4
24552805R,3203,8
24552807R,3203,1
24552808R,3203,2
24552872R,1202,2
24552873R,1202,1
24556322L,4203,1
24556323L,4203,5
24556323R,4203,4
24562576L,4203,7
24562576R,4203,8
24562581L,4203,8
24562581R,4203,9
24576535R,2203,2
24576540L,2203,1
24576867L,5201,9
24576867R,5201,2
24576869L,5203,3
24576869R,5203,1
24576870L,5203,1
24580813L,3201,3
24580813R,3201,3
24580824L,3201,7
24581445L,5201,5
24602217L,1202,5
24602217R,1202,2
24603034R,1201,2
24608999L,3201,3
24611881R,5202,3
24611882L,5202,3
24611882R,5202,9
24615124L,5202,3
24615124R,5202,3
24615125L,5202,3
24615125R,5202,4
24615138R,5202,10
24615139L,5202,8
24618345L,3201,9
24618346R,3201,6
24618347R,3201,10
24618385R,3201,4
24618386R,3201,4
24618387R,5203,2
24618389L,5203,12
24618389R,5203,8
24618411L,5202,6
24618411R,5202,4
24618413L,5202,10
24618413R,5202,24
24618438L,3201,9
24618439L,3201,8
24618440R,3201,13
24618471L,5202,1
24618472R,5202,4
24618473L,5202,1
24618473R,5202,5
24626845L,2203,3
24626845R,2203,5
24626846L,2203,6
24626846R,2203,13
24626847L,2203,9
24626847R,2203,4
24626848L,2203,5
24626848R,2203,2
24626849L,3202,14
24626849R,3202,12
24626850L,3202,12
24626850R,3202,19
24626851R,3202,1
24626881L,5201,2
24626881R,5201,10
24626882L,5201,5
24626882R,5201,8
24626883L,5203,2
24626883R,5203,1
24626884L,5203,16
24626884R,5203,9
24626894L,5202,9
24632409L,4201,3
24632410R,4201,10
24632428L,4201,10
24632428R,4201,8
24632431R,4201,2
24632432L,4201,4
24632432R,4201,4
24632434L,4201,3
24632435L,4201,4
24632435R,4201,4
24632436L,4201,6
24632437L,4201,4
24632437R,4201,4
28398703L,4201,4
28398703R,4201,3
28399971R,4202,1
28399973L,4202,5
28399973R,4202,5
28400302L,4201,1
28400302R,4201,1
28400310L,4201,4
28400310R,4201,3
28400312L,4201,3
28400312R,4201,4
28400318R,4201,1
28421587L,4202,1
28435681R,1201,1
28472089R,4201,1
28472090L,4201,6
28472093L,4201,6
28472093R,4201,6
28472098L,4201,2
28486323L,1202,4
28486323R,1202,1
28486325L,1202,3
28486325R,1202,6
28486326L,1202,4
28486326R,1202,4
28486771R,3203,3
28486772L,3203,3
28486772R,3203,2
28486867L,1203,8
28486867R,1203,2
28486868L,1203,6
28486868R,1203,5
28486869L,1203,2
28486869R,1203,3
28498223L,1201,29
37827524L,4201,5
37827524R,4201,3
37827526L,1201,18
37830797L,4203,1
37830797R,4203,11
37830798R,4203,3
37831714L,4201,6
37831714R,4201,1
37831715L,4201,15
37831715R,4201,4
37831716L,4201,11
37831716R,4201,6
37831718L,3202,1
37831719L,3202,3
37831719R,3202,7
37831720L,3202,2
37831720R,3202,4
37831721L,3202,5
37831721R,3202,3
37831722L,3202,3
37832839L,1201,6
37832844L,5201,15
37832844R,5201,22
37832845L,5201,6
37832845R,5201,5
37832846L,5201,1
37851243R,4201,3
37851244R,4201,1
37851245L,4201,2
37851245R,4201,1
37851246L,4201,4
37851246R,4201,2
37851247L,4201,1
37851247R,4201,2
37851248L,4201,1
37853293R,1203,4
707426016R,5201,3
707426018L,5201,3
707426018R,5201,3
711399329R,4201,2
711399331L,4201,1
711399331R,4201,1
711399702L,4201,2
711571232L,4201,1
711571238R,4201,1
711571240R,4201,1
711571244L,4201,1
711571245R,4201,1
711571248L,4201,1
711571248R,4201,1
711571251L,4201,1
711571252R,4201,1
711571254L,4201,1
711571255R,4201,1
711571259L,4201,1
711571259R,4201,1
711571260L,4201,1
711571262R,4201,1
711571529L,4201,1
711571531L,4F2A,1
711571531R,4201,2
711571532L,4201,2
711571532R,4201,2
711571533L,4201,1
711571533R,4201,1
711571540L,4201,2
711571540R,4201,2
711571542L,4201,1
711571543L,4201,1
711571543R,4201,1
711571545L,4201,1
711571545R,4201,1
711571546L,4201,1
711571546R,4201,1
711571548L,4201,1
711571549L,4201,1
711571549R,4201,1
711571551R,4201,2
711571554R,4201,4
711571556L,4201,2
711571557L,4201,2
711571559L,4201,1
711571561L,4201,3
711571561R,4201,1
711571563L,4201,3
711571563R,4201,4
711571564L,4201,1
711571566R,4201,1
711571568L,4201,2
711571568R,4201,2
711571569L,4201,1
711571569R,4201,2
711571571L,4201,2
711571571R,4201,1
711571586L,4201,1
711571586R,4201,1
711571588L,4201,1
711571588R,4201,2
711571589L,4201,2
711571589R,4201,2
711571590L,4201,1
711571590R,4201,1
711571591L,4201,1
711571591R,4201,2
711571599R,4201,5
711571601L,4201,1
711571601R,4201,6
716315389L,4201,2
716315389R,4201,5
716315390L,4201,3
716315391L,4201,2
716315391R,4201,2
744212400L,3203,5
744212400R,3203,2
744212401L,3203,1
744212401R,3203,3
744212402R,2202,2
744212404L,2202,14
744212404R,2202,11
755222756L,2203,2
755222758L,2203,1
755222760L,2203,6
755222760R,2203,5
755222761L,2203,1
755222761R,2203,1
755222762L,2203,1
755222762R,2203,1
755222763L,2203,1
755222763R,2203,2
755222764L,2203,1
755222764R,2203,1
755222765L,2203,1
755222765R,2203,1
755222766L,2203,1
755222766R,2203,1
755277059L,4203,8
755277059R,4203,7
755277060L,4203,4
755277060R,4203,1
756035178L,4203,11
756035178R,4203,8
756035179L,4203,4
756035179R,4203,2
759498707R,1201,1
759498708R,1201,1
759498709R,1201,2
759498711L,1201,2
759498712R,1201,2
759498713R,1201,3
759887027L,1201,1
759969374L,3203,2
760116006L,2201,7
760116006R,2201,6
760116007L,2201,4
760116007R,2201,6
760116009L,2201,1
760120224R,3202,1
760305824L,3202,3
760308185L,4202,3
762154603L,2201,2
762154605L,1203,1
762154606L,2201,4
762154607L,2201,1
762162475L,1203,1
762169210R,1203,5
762169991R,2202,1
762169994R,2202,1
762386051L,1203,1
762386054L,2202,1
762386054R,2202,2
762386055L,2202,7
762636495R,5201,4
762636496R,5201,2
762636499L,2201,1
776736238L,5202,2
776736238R,5202,2
779342878L,3202,6
779342878R,3202,1
779342879L,3202,2
782473199L,4203,10
782473199R,4203,10
782473200L,4203,2
782473201L,4203,1
782473201R,4203,1
782473474L,4203,2
782473475R,4203,4
782473476L,4203,3
782473476R,4203,6
782473477L,4203,1
782473479L,4203,2
782473480L,4203,6
782473480R,4203,8
782473481R,4203,5
782473482L,4203,4
782474765L,4201,2
782474766L,4201,2
782620588L,2202,3
782620588R,2202,1
782645611L,4202,1
782645612L,4202,5
782645612R,4202,3
782645613L,4202,6
782645613R,4202,3
782645614R,4202,4
799882104L,1203,4
799882104R,1203,1
802495412L,4201,5
802495413L,4201,1
802495413R,4201,2
802495414L,4201,2
802495414R,4201,1
802495415L,4201,2
802495416L,4201,2
802495416R,4201,1
802495417L,4201,1
802495417R,4201,3
802495418L,4201,1
802495418R,4201,2
802495419L,4201,1
802495419R,4201,2
802495420L,4201,1
802495420R,4201,1
802495421L,4201,1
802495421R,4201,1
802495424R,4201,1
802495425R,4201,1
802495426R,4201,1
802495428L,4201,2
802495428R,4201,1
802495430L,4201,1
802495430R,4201,1
802495431L,4201,2
802495431R,4201,3
802495432L,4201,1
802495432R,4201,2
802495434L,4201,2
802495434R,4201,2
802495435L,4201,1
802495435R,4201,1
802495436L,4201,1
802495436R,4201,2
802495438L,4201,2
802495438R,4201,2
802495439L,4201,1
802495439R,4201,2
802495440L,4201,2
802495440R,4201,2
802495441L,4201,1
802495442L,4201,3
802495442R,4201,1
802495443L,4201,2
802495443R,4201,3
802495444L,4201,1
802495444R,4201,2
802495446L,4201,1
802495446R,4201,2
806766643R,1203,2
806766644L,1203,10
806766644R,1203,13
806766646L,1203,7
806766646R,1203,8
813435507L,3202,1
814210926R,3202,1
814210928R,3202,1
814210929R,3202,2
814210931L,3202,1
814210933R,3202,1
814210934R,3202,1
814210938L,3202,1
814210938R,3202,1
820337998L,5202,1
820338002R,5202,1
820338006L,5202,1
820338006R,5202,1
820338007L,5202,1
820338013R,5202,2
820338019L,5202,1
820338023R,5202,1
820338027L,5202,3
820338027R,5202,1
820833561L,1203,1
820833561R,1203,1
820833566L,1203,1
820833569R,1203,1
820833571L,1203,1
820836501L,1203,9
820879995R,3201,3
820884477L,4201,5
820884477R,4201,8
821240591L,1203,4
821240593L,1203,3
821240594L,1203,1
821240601L,2202,2
821299560L,1203,1
821377106L,1203,3
822402835L,4203,2
822402836L,4203,1
826442505L,4202,1
826442505R,4202,5
826442506L,4202,4
826442506R,4202,8
826443097L,4202,3
826443098L,4202,1
826443100L,4202,2
833362443L,4203,2
833672651L,3201,2
833672653L,3201,4
833672654R,3201,2
833672656L,3201,1
833672657L,3201,2
833675221R,5203,2
833677812R,2201,11
833677862R,5201,2
833678735L,1203,3
833678736L,1203,4
833962466R,2202,4
834052932L,1201,1
834211712R,4201,2
836262054L,5202,3
836262055L,5202,2
836262061R,5202,3
836262088L,5202,2
836262088R,5202,3
836262091R,5202,3
836262092L,5202,1
836262092R,5202,1
836262109L,5202,3
836262109R,5202,8
836262110R,5202,3
836262114L,5202,9
836262114R,5202,7
836262119L,5202,2
836262119R,5202,3
836262120L,5202,1
836266651L,4202,1
841473162L,3203,2
841473162R,3203,1
841473164L,3203,10
841473166L,3203,2
841554334L,3203,1
851224382L,1203,3
851224383L,1203,2
851224383R,1203,2
851224384L,1203,6
851224384R,1203,8
851224385L,3203,2
851224400L,1201,2
851224400R,1201,2
851224401L,1201,7
851224401R,1201,4
851224402L,1201,3
851224402R,1201,1
851224403L,3201,11
851224403R,3201,7
851224408L,3202,1
851224408R,3202,1
851224409L,3202,1
851224410L,3202,3
851224410R,3202,4
851224420L,3203,8
851224420R,3203,7
851224421L,3203,1
851224421R,3203,29
851224423R,3202,2
851224424L,3202,1
851224424R,3202,1
851224427R,3202,4
851224430L,3203,2
851224430R,3203,2
851225978L,4201,1
851225978R,4201,2
851226003L,1202,2
851226003R,1202,2
851226004L,1202,1
851226005L,1202,1
851226007L,5202,4
851226007R,5202,3
851226008R,5202,128
851226023L,4201,2
851226023R,4201,58
851233653L,2202,1
851233653R,2202,3
851233654L,2202,1
851233654R,2202,3
883620815R,1201,2
883743781R,1201,1
884137966L,1201,5
884138820R,1201,1
884138822L,1201,1
884138827L,1201,7
884138828L,1201,5
884138833R,1201,1
884141071L,1201,8
884141072L,1201,3
887932285L,4202,4
887959578L,1202,2
887959581L,1202,1
887959584L,1202,2
887959584R,1202,2
887964570L,3201,5
887964570R,3201,5
887964571L,3201,6
887964571R,3201,5
887964572L,3203,2
887964572R,3201,4
887964573L,3203,8
887964573R,3201,7
887965202R,1202,1
887965203R,1202,1
887967237L,2202,1
888047959R,2202,1
893965445R,1203,1
893965446R,1203,2
910669165R,3203,4
910669166L,3203,2
910669166R,3203,2
913650699L,4201,1
915251533L,5203,2
915251536L,5203,1
915251538L,5203,1
915251538R,5203,7
915251539L,5203,1
915251539R,5203,3
915251540L,5203,4
915251540R,5203,4
915251541L,5203,4
915251543L,5203,3
915251543R,5203,1
915251545L,5203,4
915251545R,5203,2
918146446R,4203,1
925816705L,4202,2
925816707L,4202,6
925816707R,4202,3
925816709L,4202,3
925816709R,4202,5
925816710L,4202,5
925816710R,4202,5
926060229L,3202,1
926060229R,3202,6
926060230L,3202,11
926060230R,3202,6
926060729L,3202,3
926060729R,3203,1
926060730L,3202,6
926060730R,3203,1
926061219L,3201,5
926061219R,3201,2
926061220L,3201,11
926061220R,3201,8
926061252L,3201,2
926061253L,3201,4
926063097L,3202,2
926063097R,3202,1
926063098L,3202,3
926063098R,3202,1
926130459L,4203,2
926130459R,4203,1
926130460L,4203,7
926130460R,4203,5
926130461L,4203,14
926130461R,4203,15
926478312R,4202,1
926711553R,5202,2
926711554L,5202,11
926711554R,5202,15
928065203L,2203,4
928065203R,2203,2
928065204L,2203,5
928065204R,2203,4
928065207L,2201,2
928065207R,2201,3
928065208L,2201,3
928065208R,2201,2
928066715L,5201,3
928066715R,5201,4
928066717L,5203,12
928066717R,5203,12
928066718R,5203,1
928066719L,5203,1
928066719R,5203,1
928066720R,5201,2
928066721L,5201,3
928066721R,5201,5
928066722L,5201,2
928066722R,5201,2
928066723L,5203,1
928066724L,5203,4
928066724R,5203,5
928067622L,5203,4
928067622R,5203,6
928067623L,5203,1
928067623R,5203,4
929724182L,2202,6
929724188L,2202,2
941430544L,5203,1
941430544R,5203,2
941430545L,5203,4
941430545R,5203,5
946022875L,3202,1
946022877L,3203,1
946022877R,3203,1
946022878L,3203,2
946022878R,3203,5
946022888L,3202,1
946022898R,3203,1
946033876R,4202,1
946127370L,1201,3
946127376R,3202,2
946127377L,3202,5
946127379L,3202,4
946127379R,3202,4
946127380L,3202,5
946127380R,3202,7
946127383L,1201,3
946127385L,1201,1
946127386L,1201,1
946127387L,3202,1
946127390L,3202,15
946127390R,3202,18
946136481R,4201,2
946136483L,4202,1
946136495L,3202,4
946136495R,3202,3
946136511R,3202,2
946136512R,3202,2
946136516R,1201,2
946136530L,3202,2
946136530R,3202,2
946136533R,3202,1
946136538R,3202,1
946136539L,3202,3
946136539R,3202,4
946147716R,4202,5
946147717R,4202,3
946147718L,4202,1
946147719R,4202,1
946147727L,4201,18
946147727R,4201,5
946147728L,4201,5
946147728R,4201,5
946147729L,4201,1
946147730R,4201,1
946147736R,4202,2
946155072L,4201,1
946750972L,5203,1
946750973L,5203,1
947238945L,3202,4
947238945R,3202,4
947381794L,5202,1
947381813L,2203,9
947381813R,2203,10
947381814L,2203,4
947381814R,2203,4
947381815L,2203,1
947381815R,2203,1
947381817L,5201,9
947381817R,5201,10
947386349L,2201,2
947386349R,2201,5
947386350L,2201,1
947386350R,2201,1
947386351L,1202,1
947386353L,2202,2
947386353R,2202,3
947386354L,2202,5
947386354R,2202,7
947386355L,2201,5
947386355R,2201,3
947386356L,2201,2
947386357L,2202,1
947386358L,2202,1
947386359L,2201,2
947386360L,2201,2
947386360R,2201,1
947386363L,2201,4
947386364L,2201,5
947386366L,2202,1
947386366R,2202,4
947386371L,2202,6
947386371R,2202,4
947386372R,2202,3
947406148L,1203,6
947406149L,2202,2
947406151R,1203,1
947406152L,1203,3
947406152R,1203,1
947406155L,1202,1
947406156L,1202,2
947411928L,4203,2
947411928R,4203,10
947411931L,4203,1
947411931R,4203,1
947413051L,5202,3
947413051R,5202,2
947413052L,5202,3
947413054R,5202,1
947413056L,5202,3
947413056R,5202,1
947413061R,5202,1
947415326L,2202,5
947415326R,2202,2
947416432L,2202,4
947418110R,3203,1
947418120R,3202,4
947418123L,1201,4
947418123R,1201,4
947499401R,1202,1
947507865L,1203,2
947507865R,1203,3
947507866R,1203,1
947507867R,4201,1
947507870L,1203,4
947507870R,1203,1
947509085L,1201,3
947509086R,1201,7
947509093R,1201,2
947509094L,1201,2
947509094R,1201,4
947513386R,3201,3
947513387R,3201,1
947513410L,3201,1
947513410R,3201,3
947513411R,3201,2
947521442L,2203,5
947521442R,2203,3
947521443L,2203,10
947521443R,2203,8
947534699L,1202,3
947534700L,1202,1
947534703L,1202,1
947534704L,1202,1
947534705L,2202,4
947534705R,2202,6
947534706L,2202,3
947534706R,2202,4
948447635L,4202,3
948455330R,4201,10
948477148L,5203,1
948477162L,5203,7
948477162R,5203,5
948477163L,5203,1
948477163R,5203,2
948477176L,5201,2
948477177L,5201,2
948477181R,5203,1
948477951L,5201,6
948477951R,5201,5
948477952L,5201,2
948477952R,5201,2
948477959L,5201,1
948477959R,5201,2
948477960L,5201,3
948477960R,5201,4
948477961R,2201,3
948477962R,2201,2
948489514L,3202,3
948489515L,3202,2
948489515R,3203,1
948489516L,3203,2
948489516R,3201,1
948489518L,3202,3
948489518R,3202,3
948489519L,3202,1
948489519R,3202,2
948489520L,3203,4
948489520R,3203,6
948489521L,3203,4
948489521R,3203,4
948491509L,3201,5
948491509R,3201,7
948491510L,3201,2
948491515L,3201,1
948491515R,3201,6
948491516L,3201,3
948491516R,3201,8
948492326L,2201,6
948492326R,2201,5
948492327L,2201,1
948492327R,2201,1
948492328L,2203,5
948492328R,2203,4
948492329R,2203,1
948492330R,2201,3
948492331L,2201,1
948492331R,2201,3
948495910R,1203,1
948495911R,1203,3
948499458L,1203,5
948499458R,1203,5
948499459L,1203,3
948499459R,1203,3
949995786R,2202,1
950105994L,1202,1
950105994R,1202,3
950105995R,1202,1
954389112R,5203,1
954390778L,5201,1
954390778R,5201,1
954390780L,5201,4
954390780R,5201,5
954889464L,4202,7
954889464R,4202,3
955283810L,4201,5
955283811L,4201,3
955283814L,4201,1
955283817L,4202,1
955283817R,4202,2
956713134L,5203,3
957186587L,5203,1
957186588L,5203,1
957186588R,5203,1
957186589L,5203,1
957186589R,5203,1
957186590L,5203,1
957186590R,5203,1
957186591L,5203,2
957186591R,5203,1
957186592L,5203,3
957186593L,5203,1
957186593R,5203,1
957186595L,5203,1
957186595R,5203,1
957186596L,5203,1
957186596R,5203,1
957186597R,5203,2
957186598L,5203,1
957186598R,5203,2
957186599L,5203,1
957186599R,5203,1
957186600L,5203,1
957186600R,5203,1
957189758L,5203,1
957189758R,5203,1
957189759R,5203,1
958146256L,3202,1
958377779L,3201,10
958377779R,3201,9
958377780L,3201,5
958377780R,3201,4
958377787L,3201,5
958377787R,3201,4
958377788L,3201,4
958377788R,3201,3
958594576L,3202,7
959564860R,1201,1
962065081L,4201,1
985060170L,4202,10
985060170R,4202,8
985060171L,4F1A,1
985060224L,4202,3
985060224R,4202,4
985060225R,4202,1
985060254R,3203,9
985060255L,3203,17
985060255R,3203,21
985060256L,3203,5
985060256R,3203,12
988618470R,2203,11
988618471R,2203,2
988618472R,2203,3
988618473R,2203,8
988619321L,1203,4
988619322R,5203,2
988619326L,2201,3
988619326R,2201,3
988619327L,2201,3
988619327R,2201,1
988623179L,4203,1
988623181L,4203,5
988623182L,4203,10
988623183L,4203,1
988623183R,4203,1
988623184L,4203,6
988623185L,4203,8
988623185R,4203,3
988623187L,4203,2
988623189L,4203,1
989809244R,3201,3
989809245R,3201,1
989942891L,4202,2
989942893L,4202,6
989942894L,4202,3
989942896L,4201,10
989942906L,4202,1
989942907L,4202,1
