<?xml version="1.0" encoding="UTF-8"?>
<metadata xml:lang="en"><Esri><CreaDate>20180205</CreaDate><CreaTime>10005700</CreaTime><ArcGISFormat>1.0</ArcGISFormat><SyncOnce>TRUE</SyncOnce><RematchLocator>CO_052_053_054_2016_Q4_Composite<Category Locator="Review">Address</Category><Description Locator="Review">Geocode addresses against multiple address locators.</Description><BuildVersion Locator="Review">$Revision: 14$</BuildVersion><BuildVersionDate Locator="Review">$Date: 1/31/2012 5:36:09 PM$</BuildVersionDate><CL.CO_052_053_051.Enabled Locator="Review">TRUE</CL.CO_052_053_051.Enabled><CL.CO_052_053_051.Input Locator="Review">Street</CL.CO_052_053_051.Input><CL.CO_052_053_051.Input Locator="Review">ZIP</CL.CO_052_053_051.Input><CL.CO_052_053_051.LocWks Locator="Review">Type=Database;Wks=(ProgID = esriDataSourcesFile.ShapefileWorkspaceFactory.1; Path = .)</CL.CO_052_053_051.LocWks><CL.CO_052_053_051.Name Locator="Review">CO_052_053_054_2016_q4_alias</CL.CO_052_053_051.Name><CL.CO_052_053_051.Select Locator="Review">::</CL.CO_052_053_051.Select><CL.CO_052_053_054.Enabled Locator="Review">TRUE</CL.CO_052_053_054.Enabled><CL.CO_052_053_054.Input Locator="Review">Street</CL.CO_052_053_054.Input><CL.CO_052_053_054.Input Locator="Review">ZIP</CL.CO_052_053_054.Input><CL.CO_052_053_054.LocWks Locator="Review">Type=Database;Wks=(ProgID = esriDataSourcesFile.ShapefileWorkspaceFactory.1; Path = N:\Common\Locators\)</CL.CO_052_053_054.LocWks><CL.CO_052_053_054.Name Locator="Review">CO_052_053_054_2016_Q4_Merge1</CL.CO_052_053_054.Name><CL.CO_052_053_054.Select Locator="Review">::</CL.CO_052_053_054.Select><CL.Locator Locator="Review">CO_052_053_054</CL.Locator><CL.Locator Locator="Review">CO_052_053_051</CL.Locator><CL.SkipBadLocators Locator="Review">FALSE</CL.SkipBadLocators><CL.SR Locator="Review">ByDescr</CL.SR><CL.SR.Descr Locator="Review">GEOGCS["GCS_WGS_1984",DATUM["D_WGS_1984",SPHEROID["WGS_1984",6378137.0,298.257223563]],PRIMEM["Greenwich",0.0],UNIT["Degree",0.0174532925199433]]</CL.SR.Descr><CL.SR.Domain Locator="Review">-400.000000,-400.000000,9006799.254741,9006799.254741</CL.SR.Domain><CLSID Locator="Review">{29B85A89-D2CE-4aeb-BC3F-661A3D2C296E}</CLSID><FieldAliases Locator="Review">Street or Intersection</FieldAliases><FieldAliases Locator="Review">ZIP Code</FieldAliases><FieldNames.0 Locator="Review">Street</FieldNames.0><FieldNames.1 Locator="Review">ZIP</FieldNames.1><Fields Locator="Review">Street</Fields><Fields Locator="Review">ZIP</Fields><FieldSizes Locator="Review">100</FieldSizes><FieldSizes Locator="Review">10</FieldSizes><FieldsRequired Locator="Review">TRUE</FieldsRequired><FieldsRequired Locator="Review">FALSE</FieldsRequired><LocatorWorkspaceString Locator="Review">ProgID = esriDataSourcesFile.ShapefileWorkspaceFactory.1; Path = ..\..\..\..\common\Locators</LocatorWorkspaceString><LocFileUseUTF8 Locator="Review">True</LocFileUseUTF8><RebuildStartTime Locator="Review">131474320999750000</RebuildStartTime><RebuildStartTimeAscii Locator="Review">8:28:19 AM</RebuildStartTimeAscii><RuntimeMemoryLimit Locator="Review">1024000000</RuntimeMemoryLimit><SafeLocatorName Locator="Review">CO_052_053_054_2016_Q4_Composite</SafeLocatorName><SingleLineField Locator="Review">SingleLine</SingleLineField><SingleLineFieldAlias Locator="Review">Single Line Input</SingleLineFieldAlias><SingleLineFieldNames Locator="Review">Address</SingleLineFieldNames><SingleLineFieldNames Locator="Review">SingleLine</SingleLineFieldNames><SingleLineFieldNames Locator="Review">FullAddress</SingleLineFieldNames><SingleLineFieldNames Locator="Review">Customer</SingleLineFieldNames><SingleLineFieldSize Locator="Review">100</SingleLineFieldSize><UICLSID Locator="Review">{3D486637-6BCF-4A0C-83DB-A02D437FB8FC}</UICLSID><UseMultithreading Locator="Review">True</UseMultithreading><UseRelativePaths Locator="Review">TRUE</UseRelativePaths><Version Locator="Review">10.0</Version><WritePercentAlongField Locator="Review">TRUE</WritePercentAlongField><WriteReferenceIDField Locator="Review">TRUE</WriteReferenceIDField><WriteStandardizedAddressField Locator="Review">TRUE</WriteStandardizedAddressField><WriteXYCoordFields Locator="Review">TRUE</WriteXYCoordFields><InTable Locator="Review">::</InTable><InKeyColumns Locator="Review">::</InKeyColumns><InColumns Locator="Review">RS_Address</InColumns><InColumns Locator="Review">RS_Postal_Code</InColumns><OutTable Locator="Review">::</OutTable><OutKeyColumns Locator="Review">::</OutKeyColumns><OutColumns Locator="Review">Loc_name</OutColumns><OutColumns Locator="Review">Shape</OutColumns><OutColumns Locator="Review">Status</OutColumns><OutColumns Locator="Review">Score</OutColumns><OutColumns Locator="Review">Match_addr</OutColumns><OutColumns Locator="Review">Pct_along</OutColumns><OutColumns Locator="Review">Side</OutColumns><OutColumns Locator="Review">Ref_ID</OutColumns><OutColumns Locator="Review">X</OutColumns><OutColumns Locator="Review">Y</OutColumns><OutColumns Locator="Review">Addr_type</OutColumns></RematchLocator><DataProperties><lineage><Process ToolSource="c:\program files (x86)\arcgis\desktop10.2\ArcToolbox\Toolboxes\Data Management Tools.tbx\CalculateField" Date="20180119" Time="100106">CalculateField Residential_All_011818 Route "[Exist_Partition]&amp;""&amp; [Exist_Route]" VB #</Process><Process ToolSource="c:\program files (x86)\arcgis\desktop10.2\ArcToolbox\Toolboxes\Data Management Tools.tbx\CalculateField" Date="20180129" Time="132307">CalculateField Residential_All_011818 ref_id_side "[Ref_ID]&amp;""&amp; [Side]" VB #</Process></lineage></DataProperties></Esri><RS_LAYER_TYPE>3</RS_LAYER_TYPE><RS_FIELD_MAP_FILE>FM_SDM_Service_Location</RS_FIELD_MAP_FILE><RS_LAYER_GUID>ab62c5117e944990b1572e53339bc98a</RS_LAYER_GUID></metadata>
